entered_by,study,pub_reference,pub_year,decade,exp_type,reps,pooled_Y.N,study_duration,sample_size,wgt,loc_citystate,loc_state,lat,long,aridity_index,OM_pct,soil_type,pH,cc_spec,cc_type,tillage_sys,cc_plant.DOY,cc_plant.kgha,cc_pMETH,cc_term.DOY,cc_term.METH,cc_term.METH2,add_herb,cc_bio_Mgha,crop,crop_plant.DOY,term.plant.diff,weed type,weed.sing.com,weed.spp,LRRden,LRRyield
NB,1,Aulakh et al. 2012,2012,2001-2010,Split-Split Plot,3,Y,3,12,6,"Shorter, Al",AL,NA,NA,NA,NA,NA,NA,Crimson clover,legume,tillage,NA,28,NA,NA,herbicide + roll,D,N,3.6,cotton,NA,NA,summer annual,single,Amaranthus palmeri,-0.993251773,1.617912539
NB,1,Aulakh et al. 2012,2012,2001-2010,Split-Split Plot,3,Y,3,12,6,"Shorter, Al",AL,NA,NA,NA,NA,NA,NA,Cereal rye,grass,tillage,NA,101,NA,NA,herbicide + roll,D,Y,4,cotton,NA,NA,summer annual,single,Amaranthus palmeri,0,0.024919322
NB,1,Aulakh et al. 2012,2012,2001-2010,Split-Split Plot,3,Y,3,12,6,"Shorter, Al",AL,NA,NA,NA,NA,NA,NA,Crimson clover,legume,tillage,NA,28,NA,NA,herbicide + roll,D,Y,3.6,cotton,NA,NA,summer annual,single,Amaranthus palmeri,-1.386294361,0.280409313
NB,1,Aulakh et al. 2012,2012,2001-2010,Split-Split Plot,3,Y,3,12,6,"Shorter, Al",AL,NA,NA,NA,NA,NA,NA,Cereal rye,grass,tillage,NA,101,NA,NA,herbicide + roll,D,Y,4,cotton,NA,NA,summer annual,single,Amaranthus palmeri,0,0.090971778
NB,1,Aulakh et al. 2012,2012,2001-2010,Split-Split Plot,3,Y,3,12,6,"Shorter, Al",AL,NA,NA,NA,NA,NA,NA,Crimson clover,legume,tillage,NA,28,NA,NA,herbicide + roll,D,N,3.6,cotton,NA,NA,summer annual,single,Amaranthus palmeri,-0.897941593,1.695029843
NB,1,Aulakh et al. 2012,2012,2001-2010,Split-Split Plot,3,Y,3,12,6,"Shorter, Al",AL,NA,NA,NA,NA,NA,NA,Cereal rye,grass,tillage,NA,101,NA,NA,herbicide + roll,D,Y,4,cotton,NA,NA,summer annual,single,Amaranthus palmeri,0,0.026213821000000002
NB,1,Aulakh et al. 2012,2012,2001-2010,Split-Split Plot,3,Y,3,12,6,"Shorter, Al",AL,NA,NA,NA,NA,NA,NA,Crimson clover,legume,tillage,NA,28,NA,NA,herbicide + roll,D,Y,3.6,cotton,NA,NA,summer annual,single,Amaranthus palmeri,-0.287682072,0.102872952
DW,2,"Aulakh et al., 2013",2013,2001-2010,Split plot,3,Y,3,96,48,"Shorter, AL",AL,32.395032,-85.918986,NA,2,sandy loam,6.3,Cereal rye,grass,NA,NA,101,NA,NA,herbicide + roll,D,Y,3.7,cotton,NA,NA,summer annual,single,Amaranthus palmeri,-0.773189888,-0.301761594
DW,2,"Aulakh et al., 2013",2013,2001-2010,Split plot,3,Y,3,96,48,"Shorter, AL",AL,32.395032,-85.918986,NA,2,sandy loam,6.3,Crimson clover,legume,NA,NA,28,NA,NA,herbicide + roll,D,Y,4.4,cotton,NA,NA,summer annual,single,Amaranthus palmeri,-0.773189888,-0.270899482
DW,3,"Brown and Whitwell, 1985",1985,1981-1990,Split plot,4,N,3,24,12,"Belle Mina, AL",AL,34.656545,-86.879299,NA,1.5,silt loam,NA,Crimson clover,legume,no-till,NA,35,drilled,NA,herbicide,H,Y,0,cotton,NA,NA,summer annual,community,NA,0.619039208,-0.116893751
DW,3,"Brown and Whitwell, 1985",1985,1981-1990,Split plot,4,N,3,24,12,"Belle Mina, AL",AL,34.656545,-86.879299,NA,1.5,silt loam,NA,Hairy vetch,legume,no-till,NA,45,drilled,NA,herbicide,H,Y,1.5,cotton,NA,NA,summer annual,community,NA,-1.252762968,-0.330086972
DW,3,"Brown and Whitwell, 1985",1985,1981-1990,Split plot,4,N,3,24,12,"Belle Mina, AL",AL,34.656545,-86.879299,NA,1.5,silt loam,NA,Cereal rye,grass,no-till,NA,135,drilled,NA,herbicide,H,Y,4.5,cotton,NA,NA,summer annual,community,NA,-0.693147181,-0.014337163
DW,3,"Brown and Whitwell, 1985",1985,1981-1990,Split plot,4,N,3,24,12,"Belle Mina, AL",AL,34.656545,-86.879299,NA,1.5,silt loam,NA,Crimson clover,legume,no-till,NA,35,drilled,NA,herbicide,H,Y,0,cotton,NA,NA,summer annual,community,NA,0,0.01011813
DW,3,"Brown and Whitwell, 1985",1985,1981-1990,Split plot,4,N,3,24,12,"Belle Mina, AL",AL,34.656545,-86.879299,NA,1.5,silt loam,NA,Hairy vetch,legume,no-till,NA,45,drilled,NA,herbicide,H,Y,1.5,cotton,NA,NA,summer annual,community,NA,1.098612289,-0.153585868
DW,3,"Brown and Whitwell, 1985",1985,1981-1990,Split plot,4,N,3,24,12,"Belle Mina, AL",AL,34.656545,-86.879299,NA,1.5,silt loam,NA,Cereal rye,grass,no-till,NA,135,drilled,NA,herbicide,H,Y,4.5,cotton,NA,NA,summer annual,community,NA,0,0.147835381
DW,3,"Brown and Whitwell, 1985",1985,1981-1990,Split plot,4,N,3,24,12,"Belle Mina, AL",AL,34.656545,-86.879299,NA,1.5,silt loam,NA,Crimson clover,legume,no-till,NA,35,drilled,NA,herbicide,H,Y,2.8,cotton,NA,NA,summer annual,community,NA,-0.702536921,-0.029852963
DW,3,"Brown and Whitwell, 1985",1985,1981-1990,Split plot,4,N,3,24,12,"Belle Mina, AL",AL,34.656545,-86.879299,NA,1.5,silt loam,NA,Hairy vetch,legume,no-till,NA,45,drilled,NA,herbicide,H,Y,2.3,cotton,NA,NA,summer annual,community,NA,-0.850730537,-3.526360525
DW,3,"Brown and Whitwell, 1985",1985,1981-1990,Split plot,4,N,3,24,12,"Belle Mina, AL",AL,34.656545,-86.879299,NA,1.5,silt loam,NA,Cereal rye,grass,no-till,NA,135,drilled,NA,herbicide,H,Y,1.1,cotton,NA,NA,summer annual,community,NA,-0.781008536,0.424883194
DW,3,"Brown and Whitwell, 1985",1985,1981-1990,Split plot,4,N,3,24,12,"Belle Mina, AL",AL,34.656545,-86.879299,NA,1.5,silt loam,NA,Crimson clover,legume,no-till,NA,45,drilled,NA,herbicide,H,Y,2.8,cotton,NA,NA,summer annual,community,NA,1.493925025,0.024097552
DW,3,"Brown and Whitwell, 1985",1985,1981-1990,Split plot,4,N,3,24,12,"Belle Mina, AL",AL,34.656545,-86.879299,NA,1.5,silt loam,NA,Hairy vetch,legume,no-till,NA,135,drilled,NA,herbicide,H,Y,2.3,cotton,NA,NA,summer annual,community,NA,1.984131362,-0.578077851
DW,3,"Brown and Whitwell, 1985",1985,1981-1990,Split plot,4,N,3,24,12,"Belle Mina, AL",AL,34.656545,-86.879299,NA,1.5,silt loam,NA,Cereal rye,grass,no-till,NA,35,drilled,NA,herbicide,H,Y,1.1,cotton,NA,NA,summer annual,community,NA,1.265666373,0.261425738
DW,3,"Brown and Whitwell, 1985",1985,1981-1990,Split plot,4,N,3,24,12,"Belle Mina, AL",AL,34.656545,-86.879299,NA,1.5,silt loam,NA,Crimson clover,legume,no-till,NA,45,drilled,NA,herbicide,H,Y,2.8,cotton,NA,NA,summer annual,community,NA,1.156069344,0
DW,3,"Brown and Whitwell, 1985",1985,1981-1990,Split plot,4,N,3,24,12,"Belle Mina, AL",AL,34.656545,-86.879299,NA,1.5,silt loam,NA,Hairy vetch,legume,no-till,NA,135,drilled,NA,herbicide,H,Y,2.3,cotton,NA,NA,summer annual,community,NA,0.883500909,0.020050797
DW,3,"Brown and Whitwell, 1985",1985,1981-1990,Split plot,4,N,3,24,12,"Belle Mina, AL",AL,34.656545,-86.879299,NA,1.5,silt loam,NA,Cereal rye,grass,no-till,NA,35,drilled,NA,herbicide,H,Y,1.1,cotton,NA,NA,summer annual,community,NA,1.41412916,-0.12095261
DW,4,"DeVore et al., 2012",2012,2011-2020,RCBD,4,N,2,8,4,"Marianna, AR",AR,34.773562,-90.757488,NA,1.5,silt loam,6.2,Cereal rye,grass,no-till,322,67,drilled,125,herbicide,H,Y,NA,cotton,139,14,summer annual,single,Amaranthus palmeri,-1.076139433,-0.017687055
DW,4,"DeVore et al., 2012",2012,2011-2020,RCBD,4,N,2,8,4,"Marianna, AR",AR,34.773562,-90.757488,NA,1.5,silt loam,6.2,Cereal rye,grass,tillage,322,67,drilled,125,herbicide,H,Y,NA,cotton,139,14,summer annual,single,Amaranthus palmeri,-0.980829253,-0.054287967
DW,4,"DeVore et al., 2012",2012,2011-2020,RCBD,4,N,2,8,4,"Marianna, AR",AR,34.773562,-90.757488,NA,1.5,silt loam,6.2,Cereal rye,grass,no-till,324,67,drilled,126,herbicide,H,Y,NA,cotton,140,14,summer annual,single,Amaranthus palmeri,-1.216395324,0.092085466
DW,4,"DeVore et al., 2012",2012,2011-2020,RCBD,4,N,2,8,4,"Marianna, AR",AR,34.773562,-90.757488,NA,1.5,silt loam,6.2,Cereal rye,grass,tillage,324,67,drilled,126,herbicide,H,Y,NA,cotton,140,14,summer annual,single,Amaranthus palmeri,-1.30833282,0.016836141
DW,5,"DeVore et al., 2013",2013,2011-2020,Split plot,4,N,2,8,4,"Marianna, AR",AR,34.773562,-90.757488,NA,1.5,silt loam,6.2,Cereal rye,grass,no-till,322,67,drilled,133,herbicide,H,Y,NA,soybean,140,7,summer annual,single,Amaranthus palmeri,-0.731967172,-0.04883457
DW,5,"DeVore et al., 2013",2013,2011-2020,Split plot,4,N,2,8,4,"Marianna, AR",AR,34.773562,-90.757488,NA,1.5,silt loam,6.2,Cereal rye,grass,tillage,322,67,drilled,133,herbicide,H,Y,NA,soybean,140,7,summer annual,single,Amaranthus palmeri,-3.583518938,-0.008429057
DW,5,"DeVore et al., 2013",2013,2011-2020,Split plot,4,N,2,8,4,"Marianna, AR",AR,34.773562,-90.757488,NA,1.5,silt loam,6.2,Cereal rye,grass,no-till,324,67,drilled,147,herbicide,H,Y,NA,soybean,154,7,summer annual,single,Amaranthus palmeri,-1.271081549,0.034730179
DW,5,"DeVore et al., 2013",2013,2011-2020,Split plot,4,N,2,8,4,"Marianna, AR",AR,34.773562,-90.757488,NA,1.5,silt loam,6.2,Cereal rye,grass,tillage,324,67,drilled,147,herbicide,H,Y,NA,soybean,154,7,summer annual,single,Amaranthus palmeri,0,0.140606455
NB,6,Hand et al. 2019,2019,2011-2020,RCBD,4,Y,3,12,6,NA,GA,NA,NA,NA,NA,NA,NA,Cereal rye,grass,NA,NA,100,drilled,NA,herbicide + roll,D,Y,NA,cotton,NA,NA,summer annual,single,Amaranthus palmeri,-1.69488932,0.178752103
NB,6,Hand et al. 2019,2019,2011-2020,RCBD,4,Y,3,12,6,NA,GA,NA,NA,NA,NA,NA,NA,Cereal rye,grass,NA,NA,100,drilled,NA,herbicide + roll,D,Y,NA,cotton,NA,NA,summer annual,single,Amaranthus palmeri,-1.950942606,0.160083234
NB,6,Hand et al. 2019,2019,2011-2020,RCBD,4,Y,3,12,6,NA,GA,NA,NA,NA,NA,NA,NA,Cereal rye,grass,NA,NA,100,drilled,NA,herbicide + roll,D,Y,NA,cotton,NA,NA,summer annual,single,Amaranthus palmeri,1.089233349,0.065275441
VS,7,"Koger et al., 2002",2002,2011-2020,Split-Split Plot,4,Y,3,96,48,"Stoneville, MS",MS,33.424,-90.9151,NA,1.1,silt loam,6.3,Cereal rye,grass,no-till,NA,80,drilled,NA,herbicide,H,Y,NA,soybean,NA,NA,summer annual,community,NA,0.304611135,-0.184093036
VS,7,"Koger et al., 2002",2002,2011-2020,Split-Split Plot,4,Y,3,24,12,"Stoneville, MS",MS,33.424,-90.9151,NA,1.1,silt loam,6.3,Cereal rye,grass,no-till,NA,80,drilled,NA,herbicide,H,N,NA,soybean,NA,NA,summer annual,community,NA,0.244196961,-0.184093036
VS,8,"Koger et al., 2005",2005,2011-2020,Split-Split Plot,4,Y,2,24,12,"Stoneville, MS",MS,33.424,-90.9151,NA,NA,silt loam,6.3,Hairy vetch,legume,no-till,NA,30,drilled,NA,herbicide,H,Y,2.3,corn,NA,0,summer annual,community,NA,-0.800348107,0.063564743
VS,8,"Koger et al., 2005",2005,2011-2020,Split-Split Plot,4,Y,2,24,12,"Stoneville, MS",MS,33.424,-90.9151,NA,NA,silt loam,6.3,Hairy vetch,legume,no-till,NA,30,drilled,NA,herbicide,H,Y,2.3,corn,NA,0,summer annual,community,NA,-0.566733256,-0.067286082
VS,9,"Lassiter et al., 2011",2011,2011-2020,Split-Plot,4,Y,3,12,6,"Rocky Mount, NC",NC,35.937045,-77.791513,NA,NA,sandy loam,6.1,Cereal rye,grass,strip till,NA,NA,broadcast,NA,herbicide,H,Y,NA,peanut,NA,NA,"summer annual, summer perennial",community,NA,-0.373376794,NA
VS,9,"Lassiter et al., 2011",2011,2011-2020,Split-Plot,4,Y,3,12,6,"Rocky Mount, NC",NC,35.937045,-77.791513,NA,NA,sandy loam,6.1,Italian ryegrass,grass,strip till,NA,NA,broadcast,NA,herbicide,H,Y,NA,peanut,NA,NA,"summer annual, summer perennial",community,NA,-0.362905494,NA
VS,9,"Lassiter et al., 2011",2011,2011-2020,Split-Plot,4,Y,3,12,6,"Rocky Mount, NC",NC,35.937045,-77.791513,NA,NA,sandy loam,6.1,Oat,grass,strip till,NA,NA,broadcast,NA,herbicide,H,Y,NA,peanut,NA,NA,"summer annual, summer perennial",community,NA,-0.416394179,NA
VS,9,"Lassiter et al., 2011",2011,2011-2020,Split-Plot,4,Y,3,12,6,"Rocky Mount, NC",NC,35.937045,-77.791513,NA,NA,sandy loam,6.1,Triticale,grass,strip till,NA,NA,broadcast,NA,herbicide,H,Y,NA,peanut,NA,NA,"summer annual, summer perennial",community,NA,-0.044451763,NA
VS,9,"Lassiter et al., 2011",2011,2011-2020,Split-Plot,4,Y,3,12,6,"Rocky Mount, NC",NC,35.937045,-77.791513,NA,NA,sandy loam,6.1,Wheat,grass,strip till,NA,NA,broadcast,NA,herbicide,H,Y,NA,peanut,NA,NA,"summer annual, summer perennial",community,NA,-0.029413885,NA
VS,10,"Malik et al., 2008",2008,2001-2010,Split plot,4,Y,2,8,4,"Blackville, SC",SC,33.356101,-81.270396,NA,0.6,sandy loam,6,Cereal rye,grass,strip till,NA,90,drilled,NA,mow,M,N,2.3,corn,NA,NA,summer annual,community,NA,0.053109825,0.251314428
VS,10,"Malik et al., 2008",2008,2001-2010,Split plot,4,Y,2,8,4,"Blackville, SC",SC,33.356101,-81.270396,NA,0.6,sandy loam,6,Wild radish,brassica,strip till,NA,34,broadcast,NA,mow,M,N,2.6,corn,NA,NA,summer annual,community,NA,-0.027651531,1.098612289
VS,12,"Norsworthy et al., 2016",2016,2011-2020,Split Plot,3,N,3,3,1.5,"Keiser, AR",AR,35.674189,-90.100069,NA,NA,clay,NA,Cereal rye,grass,no-till,302,NA,drilled,125,herbicide,H,Y,NA,soybean,138,13,summer annual,single,Amaranthus palmeri,-0.295845383,NA
VS,12,"Norsworthy et al., 2016",2016,2011-2020,Split Plot,3,N,3,3,1.5,"Keiser, AR",AR,35.674189,-90.100069,NA,NA,clay,NA,Cereal rye,grass,no-till,307,NA,drilled,118,herbicide,H,Y,NA,soybean,136,18,summer annual,single,Amaranthus palmeri,-0.550972692,NA
VS,12,"Norsworthy et al., 2016",2016,2011-2020,Split Plot,3,N,3,3,1.5,"Keiser, AR",AR,35.674189,-90.100069,NA,NA,clay,NA,Cereal rye,grass,no-till,307,NA,drilled,144,herbicide,H,Y,NA,soybean,165,21,summer annual,single,Amaranthus palmeri,-0.878768293,NA
VS,12,"Norsworthy et al., 2016",2016,2011-2020,Split Plot,3,N,3,3,1.5,"Keiser, AR",AR,35.674189,-90.100069,NA,NA,clay,NA,Cereal rye,grass,no-till,302,NA,drilled,125,herbicide,H,Y,NA,soybean,138,13,summer annual,single,Amaranthus palmeri,0.566395475,NA
VS,12,"Norsworthy et al., 2016",2016,2011-2020,Split Plot,3,N,3,3,1.5,"Keiser, AR",AR,35.674189,-90.100069,NA,NA,clay,NA,Cereal rye,grass,no-till,307,NA,drilled,118,herbicide,H,Y,NA,soybean,136,18,summer annual,single,Amaranthus palmeri,-0.510825624,NA
VS,12,"Norsworthy et al., 2016",2016,2011-2020,Split Plot,3,N,3,3,1.5,"Keiser, AR",AR,35.674189,-90.100069,NA,NA,clay,NA,Cereal rye,grass,no-till,307,NA,drilled,144,herbicide,H,Y,NA,soybean,165,21,summer annual,single,Amaranthus palmeri,-0.994622575,NA
VS,12,"Norsworthy et al., 2016",2016,2011-2020,Split Plot,3,N,3,3,1.5,"Keiser, AR",AR,35.674189,-90.100069,NA,NA,clay,NA,Cereal rye,grass,no-till,302,NA,drilled,125,herbicide,H,Y,NA,soybean,138,13,summer annual,single,Amaranthus palmeri,-2.995732274,NA
VS,12,"Norsworthy et al., 2016",2016,2011-2020,Split Plot,3,N,3,3,1.5,"Keiser, AR",AR,35.674189,-90.100069,NA,NA,clay,NA,Cereal rye,grass,no-till,307,NA,drilled,118,herbicide,H,Y,NA,soybean,136,18,summer annual,single,Amaranthus palmeri,0.405465108,NA
VS,12,"Norsworthy et al., 2016",2016,2011-2020,Split Plot,3,N,3,3,1.5,"Keiser, AR",AR,35.674189,-90.100069,NA,NA,clay,NA,Cereal rye,grass,no-till,307,NA,drilled,144,herbicide,H,Y,NA,soybean,165,21,summer annual,single,Amaranthus palmeri,1.098612289,NA
VS,12,"Norsworthy et al., 2016",2016,2011-2020,Split Plot,3,Y,3,9,4.5,"Keiser, AR",AR,35.674189,-90.100069,NA,NA,clay,NA,Cereal rye,grass,no-till,302,NA,drilled,125,herbicide,H,Y,NA,soybean,138,13,summer annual,single,Amaranthus palmeri,-0.161030834,0.040281308
VS,12,"Norsworthy et al., 2016",2016,2011-2020,Split Plot,3,Y,3,9,4.5,"Keiser, AR",AR,35.674189,-90.100069,NA,NA,clay,NA,Cereal rye,grass,no-till,307,NA,drilled,118,herbicide,H,Y,NA,soybean,136,18,summer annual,single,Amaranthus palmeri,-0.144581229,-0.088764226
VS,12,"Norsworthy et al., 2016",2016,2011-2020,Split Plot,3,Y,3,9,4.5,"Keiser, AR",AR,35.674189,-90.100069,NA,NA,clay,NA,Cereal rye,grass,no-till,307,NA,drilled,144,herbicide,H,Y,NA,soybean,165,21,summer annual,single,Amaranthus palmeri,-0.36112599,-0.053329043
DW,13,"Palhano et al., 2018",2018,2011-2020,RCBD,4,Y,2,8,4,"Fayetteville, AR",AR,36.080568,-94.172139,NA,NA,silt loam,NA,Austrian winter pea,legume,tillage,NA,84,drilled,NA,herbicide,H,Y,3.1,cotton,NA,NA,summer annual,single,Amaranthus palmeri,-0.306031211,-0.10880286
DW,13,"Palhano et al., 2018",2018,2011-2020,RCBD,4,Y,2,8,4,"Fayetteville, AR",AR,36.080568,-94.172139,NA,NA,silt loam,NA,Crimson clover,legume,tillage,NA,22,drilled,NA,herbicide,H,Y,3.1,cotton,NA,NA,summer annual,single,Amaranthus palmeri,-0.37634771,-0.05655217
DW,13,"Palhano et al., 2018",2018,2011-2020,RCBD,4,Y,2,8,4,"Fayetteville, AR",AR,36.080568,-94.172139,NA,NA,silt loam,NA,Hairy vetch,legume,tillage,NA,17,drilled,NA,herbicide,H,Y,3.1,cotton,NA,NA,summer annual,single,Amaranthus palmeri,-0.518430223,-0.045702153
DW,13,"Palhano et al., 2018",2018,2011-2020,RCBD,4,Y,2,8,4,"Fayetteville, AR",AR,36.080568,-94.172139,NA,NA,silt loam,NA,Cereal rye,grass,tillage,NA,90,drilled,NA,herbicide,H,Y,4.9,cotton,NA,NA,summer annual,single,Amaranthus palmeri,-1.756041387,-0.46931658
DW,13,"Palhano et al., 2018",2018,2011-2020,RCBD,4,Y,2,8,4,"Fayetteville, AR",AR,36.080568,-94.172139,NA,NA,silt loam,NA,Oat,grass,tillage,NA,90,drilled,NA,herbicide,H,Y,3.5,cotton,NA,NA,summer annual,single,Amaranthus palmeri,-1.049822124,-0.226585896
DW,13,"Palhano et al., 2018",2018,2011-2020,RCBD,4,Y,2,8,4,"Fayetteville, AR",AR,36.080568,-94.172139,NA,NA,silt loam,NA,Winter wheat,grass,tillage,NA,90,drilled,NA,herbicide,H,Y,4,cotton,NA,NA,summer annual,single,Amaranthus palmeri,-1.481604541,-0.36505557
DW,13,"Palhano et al., 2018",2018,2011-2020,RCBD,4,Y,2,8,4,"Fayetteville, AR",AR,36.080568,-94.172139,NA,NA,silt loam,NA,Rapeseed,brassica,tillage,NA,11,drilled,NA,herbicide,H,Y,3.3,cotton,NA,NA,summer annual,single,Amaranthus palmeri,-0.711496319,-0.093593441
VS,14,"Price et al., 2012",2012,2011-2020,Split Plot,3,Y,3,12,6,"Bella Mina, AL",AL,34.656545,-86.879299,NA,NA,silty loam,NA,Cereal rye,grass,no-till,NA,100,drilled,NA,herbicide + roll,D,Y,5.7,cotton,NA,NA,summer annual,single,Amaranthus palmeri,-0.855340133,0.015861166
VS,14,"Price et al., 2012",2012,2011-2020,Split Plot,3,Y,3,12,6,"Bella Mina, AL",AL,34.656545,-86.879299,NA,NA,silty loam,NA,Cereal rye,grass,no-till,NA,100,drilled,NA,herbicide + roll,D,Y,7.4,cotton,NA,NA,summer annual,single,Amaranthus palmeri,-1.491019244,0.113476026
VS,14,"Price et al., 2012",2012,2011-2020,Split Plot,3,Y,3,12,6,"Bella Mina, AL",AL,34.656545,-86.879299,NA,NA,silty loam,NA,Cereal rye,grass,no-till,NA,100,drilled,NA,herbicide + roll,D,Y,6.4,cotton,NA,NA,summer annual,single,Amaranthus palmeri,0.281835626,0.035962346
VS,14,"Price et al., 2012",2012,2011-2020,Split Plot,3,Y,3,12,6,"Bella Mina, AL",AL,34.656545,-86.879299,NA,NA,silty loam,NA,Cereal rye,grass,no-till,NA,100,drilled,NA,herbicide + roll,D,Y,9.4,cotton,NA,NA,summer annual,single,Amaranthus palmeri,-1.488054936,-0.134597591
VS,14,"Price et al., 2012",2012,2011-2020,Split Plot,3,Y,3,12,6,"Bella Mina, AL",AL,34.656545,-86.879299,NA,NA,silty loam,NA,Cereal rye,grass,no-till,NA,100,drilled,NA,herbicide + roll,D,Y,8.8,cotton,NA,NA,summer annual,single,Amaranthus palmeri,-2.047649296,-0.368212442
VS,14,"Price et al., 2012",2012,2011-2020,Split Plot,3,Y,3,12,6,"Bella Mina, AL",AL,34.656545,-86.879299,NA,NA,silty loam,NA,Cereal rye,grass,no-till,NA,100,drilled,NA,herbicide + roll,D,Y,8.2,cotton,NA,NA,summer annual,single,Amaranthus palmeri,-2.335381367,-0.307326748
VS,14,"Price et al., 2012",2012,2011-2020,Split Plot,3,Y,3,12,6,"Bella Mina, AL",AL,34.656545,-86.879299,NA,NA,silty loam,NA,Cereal rye,grass,no-till,NA,100,drilled,NA,herbicide + roll,D,Y,5.9,cotton,NA,NA,summer annual,single,Amaranthus palmeri,0.370380685,0.470074529
VS,14,"Price et al., 2012",2012,2011-2020,Split Plot,3,Y,3,12,6,"Bella Mina, AL",AL,34.656545,-86.879299,NA,NA,silty loam,NA,Cereal rye,grass,no-till,NA,100,drilled,NA,herbicide + roll,D,Y,7.6,cotton,NA,NA,summer annual,single,Amaranthus palmeri,-0.594687711,0.48205494
VS,14,"Price et al., 2012",2012,2011-2020,Split Plot,3,Y,3,12,6,"Bella Mina, AL",AL,34.656545,-86.879299,NA,NA,silty loam,NA,Cereal rye,grass,no-till,NA,100,drilled,NA,herbicide + roll,D,Y,6.1,cotton,NA,NA,summer annual,single,Amaranthus palmeri,-0.659238732,0.300503664
VS,14,"Price et al., 2012",2012,2011-2020,Split Plot,3,Y,3,12,6,"Shorter, AL",AL,32.395032,-85.918986,NA,NA,loamy sand,NA,Cereal rye,grass,no-till,NA,100,drilled,NA,herbicide + roll,D,Y,8.4,cotton,NA,NA,summer annual,single,Amaranthus palmeri,-2.113575219,0.296955709
VS,14,"Price et al., 2012",2012,2011-2020,Split Plot,3,Y,3,12,6,"Shorter, AL",AL,32.395032,-85.918986,NA,NA,loamy sand,NA,Cereal rye,grass,no-till,NA,100,drilled,NA,herbicide + roll,D,Y,6.1,cotton,NA,NA,summer annual,single,Amaranthus palmeri,-1.014962931,0.253726975
VS,14,"Price et al., 2012",2012,2011-2020,Split Plot,3,Y,3,12,6,"Shorter, AL",AL,32.395032,-85.918986,NA,NA,loamy sand,NA,Cereal rye,grass,no-till,NA,100,drilled,NA,herbicide + roll,D,Y,4.2,cotton,NA,NA,summer annual,single,Amaranthus palmeri,-1.072121344,0.180853952
VS,14,"Price et al., 2012",2012,2011-2020,Split Plot,3,Y,3,12,6,"Shorter, AL",AL,32.395032,-85.918986,NA,NA,loamy sand,NA,Cereal rye,grass,no-till,NA,100,drilled,NA,herbicide + roll,D,Y,7.3,cotton,NA,NA,summer annual,single,Amaranthus palmeri,-1.286356087,0.130949292
VS,14,"Price et al., 2012",2012,2011-2020,Split Plot,3,Y,3,12,6,"Shorter, AL",AL,32.395032,-85.918986,NA,NA,loamy sand,NA,Cereal rye,grass,no-till,NA,100,drilled,NA,herbicide + roll,D,Y,7.7,cotton,NA,NA,summer annual,single,Amaranthus palmeri,-1.438692106,-0.02853532
VS,14,"Price et al., 2012",2012,2011-2020,Split Plot,3,Y,3,12,6,"Shorter, AL",AL,32.395032,-85.918986,NA,NA,loamy sand,NA,Cereal rye,grass,no-till,NA,100,drilled,NA,herbicide + roll,D,Y,5.9,cotton,NA,NA,summer annual,single,Amaranthus palmeri,-0.764718663,-0.020845932
VS,14,"Price et al., 2012",2012,2011-2020,Split Plot,3,Y,3,12,6,"Shorter, AL",AL,32.395032,-85.918986,NA,NA,loamy sand,NA,Cereal rye,grass,no-till,NA,100,drilled,NA,herbicide + roll,D,Y,10.9,cotton,NA,NA,summer annual,single,Amaranthus palmeri,-1.435084525,-0.051672011
VS,14,"Price et al., 2012",2012,2011-2020,Split Plot,3,Y,3,12,6,"Shorter, AL",AL,32.395032,-85.918986,NA,NA,loamy sand,NA,Cereal rye,grass,no-till,NA,100,drilled,NA,herbicide + roll,D,Y,9.2,cotton,NA,NA,summer annual,single,Amaranthus palmeri,-1.147412453,-0.006702784
VS,14,"Price et al., 2012",2012,2011-2020,Split Plot,3,Y,3,12,6,"Shorter, AL",AL,32.395032,-85.918986,NA,NA,loamy sand,NA,Cereal rye,grass,no-till,NA,100,drilled,NA,herbicide + roll,D,Y,6.1,cotton,NA,NA,summer annual,single,Amaranthus palmeri,-0.587792379,0.018330452
VS,15,"Price et al., 2016",2016,2011-2020,RCBD,3,N,1,3,1.5,"Barbour, AL",AL,31.849944,-85.405533,NA,NA,NA,NA,Cereal rye,grass,no-till,319,41,drilled,120,herbicide + roll,D,Y,3.1,cotton,137,17,summer annual,single,Amaranthus palmeri,-1.225855516,-0.089856329
VS,15,"Price et al., 2016",2016,2011-2020,RCBD,3,N,1,3,1.5,"Barbour, AL",AL,31.849944,-85.405533,NA,NA,NA,NA,Cereal rye,grass,no-till,364,41,drilled,123,herbicide + roll,D,Y,0.6,cotton,137,14,summer annual,single,Amaranthus palmeri,-0.824175443,0.09823844
VS,15,"Price et al., 2016",2016,2011-2020,RCBD,3,N,1,3,1.5,"Screven, GA",GA,31.48521,-82.016988,NA,NA,NA,NA,Cereal rye,grass,no-till,15,41,drilled,130,herbicide + roll,D,Y,3.2,cotton,152,22,summer annual,single,Amaranthus palmeri,-0.294239473,NA
VS,15,"Price et al., 2016",2016,2011-2020,RCBD,3,N,1,3,1.5,"Lee, SC",SC,34.190338,-80.268468,NA,NA,NA,NA,Cereal rye,grass,no-till,358,79,drilled,118,herbicide,H,Y,0.9,cotton,132,14,summer annual,single,Amaranthus palmeri,-0.78845736,-0.094490843
VS,15,"Price et al., 2016",2016,2011-2020,RCBD,3,N,1,3,1.5,"Lee, SC",SC,34.190338,-80.268468,NA,NA,NA,NA,Cereal rye,grass,no-till,333,79,drilled,105,herbicide,H,Y,5.8,cotton,117,12,summer annual,single,Amaranthus palmeri,-1.159299412,-0.316669609
VS,15,"Price et al., 2016",2016,2011-2020,RCBD,3,N,1,3,1.5,"Tipton, TN",TN,35.506969,-89.725732,NA,NA,NA,NA,Wheat,grass,no-till,322,65,drilled,115,herbicide + roll,D,Y,0.9,cotton,128,13,summer annual,single,Amaranthus palmeri,-0.866166345,0.223143551
VS,15,"Price et al., 2016",2016,2011-2020,RCBD,3,N,1,3,1.5,"Tipton, TN",TN,35.506969,-89.725732,NA,NA,NA,NA,Wheat,grass,no-till,324,65,drilled,111,herbicide + roll,D,Y,1.4,cotton,130,19,summer annual,single,Amaranthus palmeri,-0.866166345,0.298153372
DW,15,"Price et al., 2016",2016,2011-2020,RCBD,3,N,1,3,1.5,"Macon, GA",GA,32.828024,-83.645895,NA,NA,NA,NA,Cereal rye,grass,no-till,314,41,drilled,96,herbicide + roll,D,Y,5,cotton,112,16,summer annual,single,Amaranthus palmeri,-1.15267951,0.323400155
DW,15,"Price et al., 2016",2016,2011-2020,RCBD,3,N,1,3,1.5,"Calhoun, SC",SC,33.687582,-80.818587,NA,NA,NA,NA,Cereal rye,grass,no-till,1,79,drilled,108,herbicide,H,Y,2,cotton,116,8,summer annual,single,Amaranthus palmeri,-1.609437912,0.016260521
DW,15,"Price et al., 2016",2016,2011-2020,RCBD,3,N,1,3,1.5,"Calhoun, SC",SC,33.687582,-80.818587,NA,NA,NA,NA,Cereal rye,grass,no-till,349,79,drilled,117,herbicide,H,Y,2,cotton,136,19,summer annual,single,Amaranthus palmeri,-0.700694386,0.016260521
DW,16,"Reddy and Koger, 2004",2004,2001-2010,RCBD,4,Y,2,24,12,"Stoneville, MS",MS,33.423996,-90.915085,NA,NA,silt loam,NA,Hairy vetch,legume,no-till,NA,30,drilled,NA,herbicide,H,Y,2.2,corn,NA,NA,summer annual,community,NA,-0.62848766,0.031623188000000003
DW,16,"Reddy and Koger, 2004",2004,2001-2010,RCBD,4,Y,2,24,12,"Stoneville, MS",MS,33.423996,-90.915085,NA,NA,silt loam,NA,Hairy vetch,legume,no-till,NA,30,drilled,NA,herbicide,H,Y,3.8,corn,NA,NA,summer annual,community,NA,-1.210122686,-0.053621091
DW,16,"Reddy and Koger, 2004",2004,2001-2010,RCBD,4,Y,2,24,12,"Stoneville, MS",MS,33.423996,-90.915085,NA,NA,silt loam,NA,Hairy vetch,legume,no-till,NA,30,drilled,NA,NA,NA,N,4.3,corn,NA,NA,summer annual,community,NA,-2.144431924,-0.090302658
VS,17,"Reddy et al., 2003",2003,2001-2010,Split-Split Plot,4,Y,2,16,8,"Stoneville, MS",MS,33.423996,-90.915085,NA,NA,silt loam,NA,Crimson clover,legume,NA,NA,30,drilled,NA,herbicide,H,N,NA,soybean,NA,NA,"summer annual, summer perennial",community,NA,-0.579818495,-0.23596424
VS,17,"Reddy et al., 2003",2003,2001-2010,Split-Split Plot,4,Y,2,16,8,"Stoneville, MS",MS,33.423996,-90.915085,NA,NA,silt loam,NA,Cereal rye,grass,NA,NA,80,drilled,NA,herbicide,H,N,NA,soybean,NA,NA,"summer annual, summer perennial",community,NA,-0.693147181,0.037504395
VS,17,"Reddy et al., 2003",2003,2001-2010,Split-Split Plot,4,Y,2,32,16,"Stoneville, MS",MS,33.423996,-90.915085,NA,NA,silt loam,NA,Crimson clover,legume,NA,NA,30,drilled,NA,herbicide,H,Y,NA,soybean,NA,NA,"summer annual, summer perennial",community,NA,-0.430782916,-0.115919102
VS,17,"Reddy et al., 2003",2003,2001-2010,Split-Split Plot,4,Y,2,32,16,"Stoneville, MS",MS,33.423996,-90.915085,NA,NA,silt loam,NA,Cereal rye,grass,NA,NA,80,drilled,NA,herbicide,H,Y,NA,soybean,NA,NA,"summer annual, summer perennial",community,NA,-0.510825624,-0.056280836
DW,18,"Reddy, 2001",2001,2001-2010,RCBD,4,Y,2,32,16,"Stoneville, MS",MS,33.423996,-90.915085,NA,1.1,silt loam,6.3,Italian ryegrass,grass,no-till,NA,6,drilled,NA,herbicide,H,Y,7.6,soybean,NA,NA,summer annual,community,NA,0.318453731,-0.34699865
DW,18,"Reddy, 2001",2001,2001-2010,RCBD,4,Y,2,32,16,"Stoneville, MS",MS,33.423996,-90.915085,NA,1.1,silt loam,6.3,Oat,grass,no-till,NA,80,drilled,NA,herbicide,H,Y,11.1,soybean,NA,NA,summer annual,community,NA,0.223143551,-0.158523227
DW,18,"Reddy, 2001",2001,2001-2010,RCBD,4,Y,2,32,16,"Stoneville, MS",MS,33.423996,-90.915085,NA,1.1,silt loam,6.3,Cereal rye,grass,no-till,NA,80,drilled,NA,herbicide,H,Y,7.6,soybean,NA,NA,summer annual,community,NA,0.318453731,-0.152407
DW,18,"Reddy, 2001",2001,2001-2010,RCBD,4,Y,2,32,16,"Stoneville, MS",MS,33.423996,-90.915085,NA,1.1,silt loam,6.3,Winter wheat,grass,no-till,NA,80,drilled,NA,herbicide,H,Y,7.2,soybean,NA,NA,summer annual,community,NA,0.672093771,-0.170869063
DW,18,"Reddy, 2001",2001,2001-2010,RCBD,4,Y,2,32,16,"Stoneville, MS",MS,33.423996,-90.915085,NA,1.1,silt loam,6.3,Hairy vetch,legume,no-till,NA,30,drilled,NA,herbicide,H,Y,6.8,soybean,NA,NA,summer annual,community,NA,0.189242,-0.076123695
DW,18,"Reddy, 2001",2001,2001-2010,RCBD,4,Y,2,32,16,"Stoneville, MS",MS,33.423996,-90.915085,NA,1.1,silt loam,6.3,Crimson clover,legume,no-till,NA,30,drilled,NA,herbicide,H,Y,6,soybean,NA,NA,summer annual,community,NA,0.34830669399999997,-0.110609872
DW,18,"Reddy, 2001",2001,2001-2010,RCBD,4,Y,2,32,16,"Stoneville, MS",MS,33.423996,-90.915085,NA,1.1,silt loam,6.3,Subteranean clover,legume,no-till,NA,30,drilled,NA,herbicide,H,Y,6.7,soybean,NA,NA,summer annual,community,NA,0.672093771,-0.221835507
VS,19,"Reddy, 2003",2003,2001-2010,Split-Split Plot,3,Y,3,27,13.5,"Stoneville, MS",MS,33.423996,-90.915085,NA,1.6,silty clay loam,6.9,Cereal rye,grass,no-till,NA,80,drilled,NA,herbicide,H,N,9.5,soybean,NA,NA,summer annual,community,NA,-0.312091037,NA
DW,20,"Smith et al., 2011",2011,2011-2020,RCBD,6,Y,2,12,6,"Goldsboro, NC",NC,35.383868,-77.993438,NA,NA,loamy sand,NA,Cereal rye,grass,tillage,319,134,drilled,154,NA,NA,NA,4.5,soybean,154,0,summer annual,community,NA,-1.352392809,NA
DW,20,"Smith et al., 2011",2011,2011-2020,RCBD,6,Y,2,12,6,"Kinston, NC",NC,35.263261,NA,NA,NA,loamy sand,NA,Cereal rye,grass,tillage,290,134,drilled,147,NA,NA,NA,8,soybean,147,0,summer annual,community,NA,-2.215573716,NA
DW,20,"Smith et al., 2011",2011,2011-2020,RCBD,6,Y,2,12,6,"Plymouth, NC",NC,35.903838,-76.755424,NA,NA,loamy sand,NA,Cereal rye,grass,tillage,295,134,drilled,148,NA,NA,NA,8,soybean,148,0,summer annual,community,NA,-1.609437912,NA
VS,21,"Timper et al., 2011",2011,2011-2020,Split plot,6,Y,2,12,6,"Tifton, GA",GA,31.474437000000002,-83.530774,NA,NA,loamy sand,NA,Cereal rye,grass,tillage,NA,84,drilled,NA,herbicide + mow,D,Y,1.8,cotton,NA,NA,summer annual,single,Amaranthus palmeri,0.087011377,NA
VS,21,"Timper et al., 2011",2011,2011-2020,Split plot,6,Y,2,12,6,"Tifton, GA",GA,31.474437000000002,-83.530774,NA,NA,loamy sand,NA,Cereal rye,grass,tillage,NA,84,drilled,NA,mow,M,Y,1.8,cotton,NA,NA,summer annual,single,Amaranthus palmeri,-0.037740328,NA
VS,21,"Timper et al., 2011",2011,2011-2020,Split plot,6,Y,2,12,6,"Tifton, GA",GA,31.474437000000002,-83.530774,NA,NA,loamy sand,NA,Cereal rye,grass,strip till,NA,84,drilled,NA,herbicide + mow,D,Y,1.8,cotton,NA,NA,summer annual,single,Amaranthus palmeri,-1.247253313,NA
VS,21,"Timper et al., 2011",2011,2011-2020,Split plot,6,Y,2,12,6,"Tifton, GA",GA,31.474437000000002,-83.530774,NA,NA,loamy sand,NA,Cereal rye,grass,tillage,NA,84,drilled,NA,herbicide + mow,D,Y,1.3,cotton,NA,NA,summer annual,single,Amaranthus palmeri,0.217064505,NA
VS,21,"Timper et al., 2011",2011,2011-2020,Split plot,6,Y,2,12,6,"Tifton, GA",GA,31.474437000000002,-83.530774,NA,NA,loamy sand,NA,Cereal rye,grass,tillage,NA,84,drilled,NA,mow,M,Y,1.3,cotton,NA,NA,summer annual,single,Amaranthus palmeri,0.200670695,NA
VS,21,"Timper et al., 2011",2011,2011-2020,Split plot,6,Y,2,12,6,"Tifton, GA",GA,31.474437000000002,-83.530774,NA,NA,loamy sand,NA,Cereal rye,grass,strip till,NA,84,drilled,NA,herbicide + mow,D,Y,1.3,cotton,NA,NA,summer annual,single,Amaranthus palmeri,-0.129592829,NA
VS,21,"Timper et al., 2011",2011,2011-2020,Split plot,6,Y,2,12,6,"Tifton, GA",GA,31.474437000000002,-83.530774,NA,NA,loamy sand,NA,Cereal rye,grass,tillage,NA,84,drilled,NA,herbicide + mow,D,Y,1.4,cotton,NA,NA,summer annual,single,Amaranthus palmeri,0.029852963,NA
VS,21,"Timper et al., 2011",2011,2011-2020,Split plot,6,Y,2,12,6,"Tifton, GA",GA,31.474437000000002,-83.530774,NA,NA,loamy sand,NA,Cereal rye,grass,tillage,NA,84,drilled,NA,mow,M,Y,1.4,cotton,NA,NA,summer annual,single,Amaranthus palmeri,0.46536325,NA
VS,21,"Timper et al., 2011",2011,2011-2020,Split plot,6,Y,2,12,6,"Tifton, GA",GA,31.474437000000002,-83.530774,NA,NA,loamy sand,NA,Cereal rye,grass,strip till,NA,84,drilled,NA,herbicide + mow,D,Y,1.4,cotton,NA,NA,summer annual,single,Amaranthus palmeri,-1.306676733,NA
VS,21,"Timper et al., 2011",2011,2011-2020,Split plot,6,Y,2,12,6,"Tifton, GA",GA,31.474437000000002,-83.530774,NA,NA,loamy sand,NA,Cereal rye,grass,tillage,NA,84,drilled,NA,herbicide + mow,D,Y,0.6,cotton,NA,NA,summer annual,single,Amaranthus palmeri,0.217064505,NA
VS,21,"Timper et al., 2011",2011,2011-2020,Split plot,6,Y,2,12,6,"Tifton, GA",GA,31.474437000000002,-83.530774,NA,NA,loamy sand,NA,Cereal rye,grass,tillage,NA,84,drilled,NA,mow,M,Y,0.6,cotton,NA,NA,summer annual,single,Amaranthus palmeri,0.798507696,NA
VS,21,"Timper et al., 2011",2011,2011-2020,Split plot,6,Y,2,12,6,"Tifton, GA",GA,31.474437000000002,-83.530774,NA,NA,loamy sand,NA,Cereal rye,grass,strip till,NA,84,drilled,NA,herbicide + mow,D,Y,0.6,cotton,NA,NA,summer annual,single,Amaranthus palmeri,-1.32729602,NA
DW,23,"Webster et al., 2013",2013,2011-2020,RCBD,4,Y,2,12,6,"Ideal and Chula, GA",GA,32.372392,-84.188418,NA,NA,loamy sand,NA,Austrian winter pea,legume,strip till,NA,78,drilled,NA,herbicide + roll,D,N,4.6,cotton,NA,NA,summer annual,single,Amaranthus palmeri,-0.068992871,-0.383530031
DW,23,"Webster et al., 2013",2013,2011-2020,RCBD,4,Y,2,12,6,"Ideal and Chula, GA",GA,32.372392,-84.188418,NA,NA,loamy sand,NA,Cereal rye + austrian winter pea,mix,strip till,NA,178,drilled,NA,herbicide + roll,D,N,8.8,cotton,NA,NA,summer annual,single,Amaranthus palmeri,-0.397802235,-0.37176519
DW,23,"Webster et al., 2013",2013,2011-2020,RCBD,4,Y,2,12,6,"Ideal and Chula, GA",GA,32.372392,-84.188418,NA,NA,loamy sand,NA,Narrow-leaf lupine,legume,strip till,NA,78,drilled,NA,herbicide + roll,D,N,6.8,cotton,NA,NA,summer annual,single,Amaranthus palmeri,0.111495504,-0.036965194
DW,23,"Webster et al., 2013",2013,2011-2020,RCBD,4,Y,2,12,6,"Ideal and Chula, GA",GA,32.372392,-84.188418,NA,NA,loamy sand,NA,Cereal rye + narrow-leaf lupine,mix,strip till,NA,178,drilled,NA,herbicide + roll,D,N,10.1,cotton,NA,NA,summer annual,single,Amaranthus palmeri,-0.360344673,-0.245570587
DW,23,"Webster et al., 2013",2013,2011-2020,RCBD,4,Y,2,12,6,"Ideal and Chula, GA",GA,32.372392,-84.188418,NA,NA,loamy sand,NA,Cahaba vetch,legume,strip till,NA,17,drilled,NA,herbicide + roll,D,N,2.8,cotton,NA,NA,summer annual,single,Amaranthus palmeri,0.220061885,-0.028631813
DW,23,"Webster et al., 2013",2013,2011-2020,RCBD,4,Y,2,12,6,"Ideal and Chula, GA",GA,32.372392,-84.188418,NA,NA,loamy sand,NA,Cereal rye + cahaba vetch,mix,strip till,NA,117,drilled,NA,herbicide + roll,D,N,9.2,cotton,NA,NA,summer annual,single,Amaranthus palmeri,-0.229574442,-0.15213658
DW,23,"Webster et al., 2013",2013,2011-2020,RCBD,4,Y,2,12,6,"Ideal and Chula, GA",GA,32.372392,-84.188418,NA,NA,loamy sand,NA,Crimson clover,legume,strip till,NA,20,drilled,NA,herbicide + roll,D,N,3.3,cotton,NA,NA,summer annual,single,Amaranthus palmeri,0.169418152,-0.138150338
DW,23,"Webster et al., 2013",2013,2011-2020,RCBD,4,Y,2,12,6,"Ideal and Chula, GA",GA,32.372392,-84.188418,NA,NA,loamy sand,NA,Cereal rye  + crimson clover,mix,strip till,NA,120,drilled,NA,herbicide + roll,D,N,8.1,cotton,NA,NA,summer annual,single,Amaranthus palmeri,-0.119707964,-0.106256975
DW,23,"Webster et al., 2013",2013,2011-2020,RCBD,4,Y,2,12,6,"Ideal and Chula, GA",GA,31.549569,-83.547416,NA,NA,loamy sand,NA,Cereal rye,grass,strip till,NA,100,drilled,NA,herbicide + roll,D,N,8.5,cotton,NA,NA,summer annual,single,Amaranthus palmeri,-0.102515564,0.031748698
DW,24,"Wells et al., 2013",2015,2011-2020,RCBD,6,N,2,6,3,"Goldsboro, NC",NC,35.383868,-77.993438,NA,NA,loamy sand,NA,Cereal rye,grass,tillage,NA,134,drilled,NA,roll,M,N,4.5,soybean,NA,NA,summer annual,community,NA,-1.352392809,NA
DW,24,"Wells et al., 2013",2015,2011-2020,RCBD,6,N,2,6,3,"Kinston, NC",NC,35.263261,NA,NA,NA,loamy sand,NA,Cereal rye,grass,tillage,NA,134,drilled,NA,roll,M,N,8.4,soybean,NA,NA,summer annual,community,NA,-2.215573716,NA
DW,24,"Wells et al., 2013",2015,2011-2020,RCBD,6,N,2,6,3,"Kinston, NC",NC,35.263261,NA,NA,NA,loamy sand,NA,Cereal rye,grass,tillage,NA,134,drilled,NA,roll,M,N,7.1,soybean,NA,NA,summer annual,community,NA,-1.231101472,NA
DW,26,"Wiggins et al., 2017",2017,2011-2020,RCBD,4,Y,2,8,4,"Jackson, TN",TN,35.613468,-88.813431,NA,NA,NA,NA,Cereal rye,grass,no-till,NA,67,drilled,NA,herbicide,H,Y,12.9,cotton,NA,NA,summer annual,single,Amaranthus palmeri,-0.223143551,NA
DW,26,"Wiggins et al., 2017",2017,2011-2020,RCBD,4,Y,2,8,4,"Jackson, TN",TN,35.613468,-88.813431,NA,NA,NA,NA,Crimson clover,legume,no-till,NA,17,drilled,NA,herbicide,H,Y,2.2,cotton,NA,NA,summer annual,single,Amaranthus palmeri,0.355340721,NA
DW,26,"Wiggins et al., 2017",2017,2011-2020,RCBD,4,Y,2,8,4,"Jackson, TN",TN,35.613468,-88.813431,NA,NA,NA,NA,Hairy vetch,legume,no-till,NA,22,drilled,NA,herbicide,H,Y,2.7,cotton,NA,NA,summer annual,single,Amaranthus palmeri,0.401010758,NA
DW,26,"Wiggins et al., 2017",2017,2011-2020,RCBD,4,Y,2,8,4,"Jackson, TN",TN,35.613468,-88.813431,NA,NA,NA,NA,Winter wheat,grass,no-till,NA,67,drilled,NA,herbicide,H,Y,3.3,cotton,NA,NA,summer annual,single,Amaranthus palmeri,-0.366244395,NA
